,Entity,Code,Year,"PM2.5 air pollution, mean annual exposure (micrograms per cubic meter)",World regions according to OWID,"PM2.5 air pollution, mean annual exposure (micrograms per cubic meter).1",Year.1
0,Afghanistan,AFG,1990,49.2824,,53.355362,2017.0
1,Afghanistan,AFG,1990,48.56489,,53.355362,2017.0
2,Afghanistan,AFG,1990,51.554535,,53.355362,2017.0
3,Afghanistan,AFG,1990,46.151928,,53.355362,2017.0
4,Afghanistan,AFG,1990,51.82179,,53.355362,2017.0
5,Afghanistan,AFG,1990,56.247227,,53.355362,2017.0
6,Afghanistan,AFG,1990,54.700233,,53.355362,2017.0
7,Afghanistan,AFG,1990,58.79166,,53.355362,2017.0
8,Afghanistan,AFG,1990,61.86533,,53.355362,2017.0
9,Afghanistan,AFG,1990,60.597015,,53.355362,2017.0
10,Afghanistan,AFG,1990,57.203705,,53.355362,2017.0
11,Afghanistan,AFG,1990,53.355362,,53.355362,2017.0
12,Afghanistan,AFG,1990,52.80462,,53.355362,2017.0
13,Afghanistan,AFG,1990,52.41704,,53.355362,2017.0
14,Afghanistan,AFG,1990,,Asia,53.355362,2017.0
122,Armenia,ARM,1990,32.124294,,34.9072,2017.0
123,Armenia,ARM,1990,31.473051,,34.9072,2017.0
124,Armenia,ARM,1990,31.074173,,34.9072,2017.0
125,Armenia,ARM,1990,31.923468,,34.9072,2017.0
126,Armenia,ARM,1990,35.395485,,34.9072,2017.0
127,Armenia,ARM,1990,39.93109,,34.9072,2017.0
128,Armenia,ARM,1990,40.53562,,34.9072,2017.0
129,Armenia,ARM,1990,38.41539,,34.9072,2017.0
130,Armenia,ARM,1990,38.00214,,34.9072,2017.0
131,Armenia,ARM,1990,37.38765,,34.9072,2017.0
132,Armenia,ARM,1990,34.240364,,34.9072,2017.0
133,Armenia,ARM,1990,34.9072,,34.9072,2017.0
134,Armenia,ARM,1990,34.03041,,34.9072,2017.0
135,Armenia,ARM,1990,33.65638,,34.9072,2017.0
136,Armenia,ARM,1990,,Asia,34.9072,2017.0
169,Azerbaijan,AZE,1990,22.695286,,25.06329,2017.0
170,Azerbaijan,AZE,1990,26.19513,,25.06329,2017.0
171,Azerbaijan,AZE,1990,24.539795,,25.06329,2017.0
172,Azerbaijan,AZE,1990,23.150778,,25.06329,2017.0
173,Azerbaijan,AZE,1990,25.081642,,25.06329,2017.0
174,Azerbaijan,AZE,1990,27.005903,,25.06329,2017.0
175,Azerbaijan,AZE,1990,28.76776,,25.06329,2017.0
176,Azerbaijan,AZE,1990,28.238628,,25.06329,2017.0
177,Azerbaijan,AZE,1990,27.484968,,25.06329,2017.0
178,Azerbaijan,AZE,1990,26.066187,,25.06329,2017.0
179,Azerbaijan,AZE,1990,24.385494,,25.06329,2017.0
180,Azerbaijan,AZE,1990,25.06329,,25.06329,2017.0
181,Azerbaijan,AZE,1990,25.135942,,25.06329,2017.0
182,Azerbaijan,AZE,1990,25.495054,,25.06329,2017.0
183,Azerbaijan,AZE,1990,,Asia,25.06329,2017.0
199,Bahrain,BHR,1990,61.134426,,61.674313,2017.0
200,Bahrain,BHR,1990,58.515984,,61.674313,2017.0
201,Bahrain,BHR,1990,63.07218,,61.674313,2017.0
202,Bahrain,BHR,1990,66.59653,,61.674313,2017.0
203,Bahrain,BHR,1990,63.75377,,61.674313,2017.0
204,Bahrain,BHR,1990,65.33844,,61.674313,2017.0
205,Bahrain,BHR,1990,68.07535,,61.674313,2017.0
206,Bahrain,BHR,1990,64.284546,,61.674313,2017.0
207,Bahrain,BHR,1990,59.512737,,61.674313,2017.0
208,Bahrain,BHR,1990,66.36108,,61.674313,2017.0
209,Bahrain,BHR,1990,61.645824,,61.674313,2017.0
210,Bahrain,BHR,1990,61.674313,,61.674313,2017.0
211,Bahrain,BHR,1990,60.43816,,61.674313,2017.0
212,Bahrain,BHR,1990,59.217106,,61.674313,2017.0
213,Bahrain,BHR,1990,,Asia,61.674313,2017.0
214,Bangladesh,BGD,1990,52.90994,,62.75318,2017.0
215,Bangladesh,BGD,1990,51.643627,,62.75318,2017.0
216,Bangladesh,BGD,1990,53.74696,,62.75318,2017.0
217,Bangladesh,BGD,1990,55.061943,,62.75318,2017.0
218,Bangladesh,BGD,1990,56.4165,,62.75318,2017.0
219,Bangladesh,BGD,1990,60.535873,,62.75318,2017.0
220,Bangladesh,BGD,1990,68.94271,,62.75318,2017.0
221,Bangladesh,BGD,1990,66.42738,,62.75318,2017.0
222,Bangladesh,BGD,1990,73.27082,,62.75318,2017.0
223,Bangladesh,BGD,1990,68.97034,,62.75318,2017.0
224,Bangladesh,BGD,1990,67.76736,,62.75318,2017.0
225,Bangladesh,BGD,1990,62.75318,,62.75318,2017.0
226,Bangladesh,BGD,1990,63.275463,,62.75318,2017.0
227,Bangladesh,BGD,1990,63.42553,,62.75318,2017.0
228,Bangladesh,BGD,1990,,Asia,62.75318,2017.0
319,Bhutan,BTN,1990,35.101063,,40.163574,2017.0
320,Bhutan,BTN,1990,33.843346,,40.163574,2017.0
321,Bhutan,BTN,1990,36.715622,,40.163574,2017.0
322,Bhutan,BTN,1990,39.289932,,40.163574,2017.0
323,Bhutan,BTN,1990,39.72804,,40.163574,2017.0
324,Bhutan,BTN,1990,38.044918,,40.163574,2017.0
325,Bhutan,BTN,1990,44.307625,,40.163574,2017.0
326,Bhutan,BTN,1990,42.70852,,40.163574,2017.0
327,Bhutan,BTN,1990,48.539032,,40.163574,2017.0
328,Bhutan,BTN,1990,44.482925,,40.163574,2017.0
329,Bhutan,BTN,1990,43.649048,,40.163574,2017.0
330,Bhutan,BTN,1990,40.163574,,40.163574,2017.0
331,Bhutan,BTN,1990,40.412563,,40.163574,2017.0
332,Bhutan,BTN,1990,40.2986,,40.163574,2017.0
333,Bhutan,BTN,1990,,Asia,40.163574,2017.0
397,Brunei,BRN,1990,7.963653,,7.3487496,2017.0
398,Brunei,BRN,1990,6.826811,,7.3487496,2017.0
399,Brunei,BRN,1990,6.4466953,,7.3487496,2017.0
400,Brunei,BRN,1990,6.693597,,7.3487496,2017.0
401,Brunei,BRN,1990,6.3934865,,7.3487496,2017.0
402,Brunei,BRN,1990,7.3451777,,7.3487496,2017.0
403,Brunei,BRN,1990,7.610637,,7.3487496,2017.0
404,Brunei,BRN,1990,7.6163187,,7.3487496,2017.0
405,Brunei,BRN,1990,7.7458186,,7.3487496,2017.0
406,Brunei,BRN,1990,7.9262443,,7.3487496,2017.0
407,Brunei,BRN,1990,7.6499257,,7.3487496,2017.0
408,Brunei,BRN,1990,7.3487496,,7.3487496,2017.0
409,Brunei,BRN,1990,7.6830144,,7.3487496,2017.0
410,Brunei,BRN,1990,7.680644,,7.3487496,2017.0
411,Brunei,BRN,1990,,Asia,7.3487496,2017.0
457,Cambodia,KHM,1990,28.340546,,22.017653,2017.0
458,Cambodia,KHM,1990,26.79196,,22.017653,2017.0
459,Cambodia,KHM,1990,27.441277,,22.017653,2017.0
460,Cambodia,KHM,1990,29.352867,,22.017653,2017.0
461,Cambodia,KHM,1990,28.990492,,22.017653,2017.0
462,Cambodia,KHM,1990,24.768414,,22.017653,2017.0
463,Cambodia,KHM,1990,24.969528,,22.017653,2017.0
464,Cambodia,KHM,1990,28.0675,,22.017653,2017.0
465,Cambodia,KHM,1990,24.246311,,22.017653,2017.0
466,Cambodia,KHM,1990,24.055204,,22.017653,2017.0
467,Cambodia,KHM,1990,24.825026,,22.017653,2017.0
468,Cambodia,KHM,1990,22.017653,,22.017653,2017.0
469,Cambodia,KHM,1990,22.294931,,22.017653,2017.0
470,Cambodia,KHM,1990,22.112087,,22.017653,2017.0
471,Cambodia,KHM,1990,,Asia,22.017653,2017.0
563,China,CHN,1990,48.884193,,49.927784,2017.0
564,China,CHN,1990,49.094563,,49.927784,2017.0
565,China,CHN,1990,50.7647,,49.927784,2017.0
566,China,CHN,1990,51.552048,,49.927784,2017.0
567,China,CHN,1990,53.28668,,49.927784,2017.0
568,China,CHN,1990,58.405556,,49.927784,2017.0
569,China,CHN,1990,58.905136,,49.927784,2017.0
570,China,CHN,1990,63.28657,,49.927784,2017.0
571,China,CHN,1990,60.26956,,49.927784,2017.0
572,China,CHN,1990,56.204124,,49.927784,2017.0
573,China,CHN,1990,51.58657,,49.927784,2017.0
574,China,CHN,1990,49.927784,,49.927784,2017.0
575,China,CHN,1990,49.275684,,49.927784,2017.0
576,China,CHN,1990,47.672634,,49.927784,2017.0
577,China,CHN,1990,,Asia,49.927784,2017.0
687,Cyprus,CYP,1990,17.489885,,15.144174,2017.0
688,Cyprus,CYP,1990,18.797316,,15.144174,2017.0
689,Cyprus,CYP,1990,18.487446,,15.144174,2017.0
690,Cyprus,CYP,1990,17.96776,,15.144174,2017.0
691,Cyprus,CYP,1990,18.806667,,15.144174,2017.0
692,Cyprus,CYP,1990,18.492842,,15.144174,2017.0
693,Cyprus,CYP,1990,16.813503,,15.144174,2017.0
694,Cyprus,CYP,1990,16.29508,,15.144174,2017.0
695,Cyprus,CYP,1990,16.412033,,15.144174,2017.0
696,Cyprus,CYP,1990,17.132378,,15.144174,2017.0
697,Cyprus,CYP,1990,14.41332,,15.144174,2017.0
698,Cyprus,CYP,1990,15.144174,,15.144174,2017.0
699,Cyprus,CYP,1990,15.588616,,15.144174,2017.0
700,Cyprus,CYP,1990,15.573803,,15.144174,2017.0
701,Cyprus,CYP,1990,,Europe,15.144174,2017.0
1055,Georgia,GEO,1990,19.00296,,18.027044,2017.0
1056,Georgia,GEO,1990,19.194012,,18.027044,2017.0
1057,Georgia,GEO,1990,17.211624,,18.027044,2017.0
1058,Georgia,GEO,1990,16.516794,,18.027044,2017.0
1059,Georgia,GEO,1990,17.802134,,18.027044,2017.0
1060,Georgia,GEO,1990,19.828802,,18.027044,2017.0
1061,Georgia,GEO,1990,20.138676,,18.027044,2017.0
1062,Georgia,GEO,1990,19.589159,,18.027044,2017.0
1063,Georgia,GEO,1990,19.38131,,18.027044,2017.0
1064,Georgia,GEO,1990,18.484196,,18.027044,2017.0
1065,Georgia,GEO,1990,17.685797,,18.027044,2017.0
1066,Georgia,GEO,1990,18.027044,,18.027044,2017.0
1067,Georgia,GEO,1990,17.814264,,18.027044,2017.0
1068,Georgia,GEO,1990,17.855865,,18.027044,2017.0
1069,Georgia,GEO,1990,,Asia,18.027044,2017.0
1301,India,IND,1990,71.499756,,81.811646,2017.0
1302,India,IND,1990,65.62043,,81.811646,2017.0
1303,India,IND,1990,70.47513,,81.811646,2017.0
1304,India,IND,1990,70.806076,,81.811646,2017.0
1305,India,IND,1990,76.678345,,81.811646,2017.0
1306,India,IND,1990,79.99719,,81.811646,2017.0
1307,India,IND,1990,86.38168,,81.811646,2017.0
1308,India,IND,1990,89.45226,,81.811646,2017.0
1309,India,IND,1990,95.242645,,81.811646,2017.0
1310,India,IND,1990,88.44512,,81.811646,2017.0
1311,India,IND,1990,92.23195,,81.811646,2017.0
1312,India,IND,1990,81.811646,,81.811646,2017.0
1313,India,IND,1990,83.04086,,81.811646,2017.0
1314,India,IND,1990,83.19932,,81.811646,2017.0
1315,India,IND,1990,,Asia,81.811646,2017.0
1316,Indonesia,IDN,1990,26.882063,,18.55576,2017.0
1317,Indonesia,IDN,1990,25.310429,,18.55576,2017.0
1318,Indonesia,IDN,1990,23.345318,,18.55576,2017.0
1319,Indonesia,IDN,1990,21.754425,,18.55576,2017.0
1320,Indonesia,IDN,1990,22.317211,,18.55576,2017.0
1321,Indonesia,IDN,1990,18.946852,,18.55576,2017.0
1322,Indonesia,IDN,1990,20.067686,,18.55576,2017.0
1323,Indonesia,IDN,1990,20.019058,,18.55576,2017.0
1324,Indonesia,IDN,1990,18.890549,,18.55576,2017.0
1325,Indonesia,IDN,1990,19.924828,,18.55576,2017.0
1326,Indonesia,IDN,1990,21.152107,,18.55576,2017.0
1327,Indonesia,IDN,1990,18.55576,,18.55576,2017.0
1328,Indonesia,IDN,1990,19.113256,,18.55576,2017.0
1329,Indonesia,IDN,1990,19.371462,,18.55576,2017.0
1330,Indonesia,IDN,1990,,Asia,18.55576,2017.0
1331,Iran,IRN,1990,37.76867,,38.964573,2017.0
1332,Iran,IRN,1990,38.06962,,38.964573,2017.0
1333,Iran,IRN,1990,39.706493,,38.964573,2017.0
1334,Iran,IRN,1990,38.356064,,38.964573,2017.0
1335,Iran,IRN,1990,41.378536,,38.964573,2017.0
1336,Iran,IRN,1990,42.55902,,38.964573,2017.0
1337,Iran,IRN,1990,41.483788,,38.964573,2017.0
1338,Iran,IRN,1990,41.238884,,38.964573,2017.0
1339,Iran,IRN,1990,39.85298,,38.964573,2017.0
1340,Iran,IRN,1990,40.891167,,38.964573,2017.0
1341,Iran,IRN,1990,39.841312,,38.964573,2017.0
1342,Iran,IRN,1990,38.964573,,38.964573,2017.0
1343,Iran,IRN,1990,38.607624,,38.964573,2017.0
1344,Iran,IRN,1990,38.015083,,38.964573,2017.0
1345,Iran,IRN,1990,,Asia,38.964573,2017.0
1346,Iraq,IRQ,1990,52.98078,,50.02942,2017.0
1347,Iraq,IRQ,1990,48.2615,,50.02942,2017.0
1348,Iraq,IRQ,1990,50.92544,,50.02942,2017.0
1349,Iraq,IRQ,1990,50.85365,,50.02942,2017.0
1350,Iraq,IRQ,1990,57.24593,,50.02942,2017.0
1351,Iraq,IRQ,1990,53.98373,,50.02942,2017.0
1352,Iraq,IRQ,1990,53.54776,,50.02942,2017.0
1353,Iraq,IRQ,1990,51.5463,,50.02942,2017.0
1354,Iraq,IRQ,1990,47.585354,,50.02942,2017.0
1355,Iraq,IRQ,1990,53.096424,,50.02942,2017.0
1356,Iraq,IRQ,1990,50.089787,,50.02942,2017.0
1357,Iraq,IRQ,1990,50.02942,,50.02942,2017.0
1358,Iraq,IRQ,1990,49.1483,,50.02942,2017.0
1359,Iraq,IRQ,1990,48.46825,,50.02942,2017.0
1360,Iraq,IRQ,1990,,Asia,50.02942,2017.0
1377,Israel,ISR,1990,22.479898,,20.201363,2017.0
1378,Israel,ISR,1990,24.929268,,20.201363,2017.0
1379,Israel,ISR,1990,23.327438,,20.201363,2017.0
1380,Israel,ISR,1990,23.26803,,20.201363,2017.0
1381,Israel,ISR,1990,24.988585,,20.201363,2017.0
1382,Israel,ISR,1990,24.709513,,20.201363,2017.0
1383,Israel,ISR,1990,22.355722,,20.201363,2017.0
1384,Israel,ISR,1990,23.004313,,20.201363,2017.0
1385,Israel,ISR,1990,21.76879,,20.201363,2017.0
1386,Israel,ISR,1990,22.513708,,20.201363,2017.0
1387,Israel,ISR,1990,18.859156,,20.201363,2017.0
1388,Israel,ISR,1990,20.201363,,20.201363,2017.0
1389,Israel,ISR,1990,20.053278,,20.201363,2017.0
1390,Israel,ISR,1990,19.759897,,20.201363,2017.0
1391,Israel,ISR,1990,,Asia,20.201363,2017.0
1422,Japan,JPN,1990,13.111322,,13.570691,2017.0
1423,Japan,JPN,1990,12.740908,,13.570691,2017.0
1424,Japan,JPN,1990,12.791777,,13.570691,2017.0
1425,Japan,JPN,1990,12.057418,,13.570691,2017.0
1426,Japan,JPN,1990,11.525309,,13.570691,2017.0
1427,Japan,JPN,1990,12.678869,,13.570691,2017.0
1428,Japan,JPN,1990,13.106628,,13.570691,2017.0
1429,Japan,JPN,1990,13.365336,,13.570691,2017.0
1430,Japan,JPN,1990,13.713861,,13.570691,2017.0
1431,Japan,JPN,1990,13.408878,,13.570691,2017.0
1432,Japan,JPN,1990,13.356336,,13.570691,2017.0
1433,Japan,JPN,1990,13.570691,,13.570691,2017.0
1434,Japan,JPN,1990,13.475971,,13.570691,2017.0
1435,Japan,JPN,1990,13.469807,,13.570691,2017.0
1436,Japan,JPN,1990,,Asia,13.570691,2017.0
1438,Jordan,JOR,1990,28.401405,,32.50788,2017.0
1439,Jordan,JOR,1990,31.272093,,32.50788,2017.0
1440,Jordan,JOR,1990,29.177511,,32.50788,2017.0
1441,Jordan,JOR,1990,33.33894,,32.50788,2017.0
1442,Jordan,JOR,1990,35.891205,,32.50788,2017.0
1443,Jordan,JOR,1990,33.729176,,32.50788,2017.0
1444,Jordan,JOR,1990,33.23274,,32.50788,2017.0
1445,Jordan,JOR,1990,35.54875,,32.50788,2017.0
1446,Jordan,JOR,1990,33.92842,,32.50788,2017.0
1447,Jordan,JOR,1990,35.43995,,32.50788,2017.0
1448,Jordan,JOR,1990,32.035732,,32.50788,2017.0
1449,Jordan,JOR,1990,32.50788,,32.50788,2017.0
1450,Jordan,JOR,1990,31.452675,,32.50788,2017.0
1451,Jordan,JOR,1990,30.645588,,32.50788,2017.0
1452,Jordan,JOR,1990,,Asia,32.50788,2017.0
1453,Kazakhstan,KAZ,1990,21.243647,,20.103449,2017.0
1454,Kazakhstan,KAZ,1990,20.380516,,20.103449,2017.0
1455,Kazakhstan,KAZ,1990,18.034496,,20.103449,2017.0
1456,Kazakhstan,KAZ,1990,17.535913,,20.103449,2017.0
1457,Kazakhstan,KAZ,1990,18.978254,,20.103449,2017.0
1458,Kazakhstan,KAZ,1990,22.318657,,20.103449,2017.0
1459,Kazakhstan,KAZ,1990,24.009083,,20.103449,2017.0
1460,Kazakhstan,KAZ,1990,22.853308,,20.103449,2017.0
1461,Kazakhstan,KAZ,1990,21.456556,,20.103449,2017.0
1462,Kazakhstan,KAZ,1990,20.513554,,20.103449,2017.0
1463,Kazakhstan,KAZ,1990,20.868814,,20.103449,2017.0
1464,Kazakhstan,KAZ,1990,20.103449,,20.103449,2017.0
1465,Kazakhstan,KAZ,1990,20.252104,,20.103449,2017.0
1466,Kazakhstan,KAZ,1990,20.294855,,20.103449,2017.0
1467,Kazakhstan,KAZ,1990,,Asia,20.103449,2017.0
1505,Kuwait,KWT,1990,59.70214,,63.39851,2017.0
1506,Kuwait,KWT,1990,53.86064,,63.39851,2017.0
1507,Kuwait,KWT,1990,63.060215,,63.39851,2017.0
1508,Kuwait,KWT,1990,65.2863,,63.39851,2017.0
1509,Kuwait,KWT,1990,66.249374,,63.39851,2017.0
1510,Kuwait,KWT,1990,67.97716,,63.39851,2017.0
1511,Kuwait,KWT,1990,69.26487,,63.39851,2017.0
1512,Kuwait,KWT,1990,66.79467,,63.39851,2017.0
1513,Kuwait,KWT,1990,57.029476,,63.39851,2017.0
1514,Kuwait,KWT,1990,66.14461,,63.39851,2017.0
1515,Kuwait,KWT,1990,61.008907,,63.39851,2017.0
1516,Kuwait,KWT,1990,63.39851,,63.39851,2017.0
1517,Kuwait,KWT,1990,61.494766,,63.39851,2017.0
1518,Kuwait,KWT,1990,60.96648,,63.39851,2017.0
1519,Kuwait,KWT,1990,,Asia,63.39851,2017.0
1520,Kyrgyzstan,KGZ,1990,22.56864,,24.096703,2017.0
1521,Kyrgyzstan,KGZ,1990,22.664408,,24.096703,2017.0
1522,Kyrgyzstan,KGZ,1990,24.559996,,24.096703,2017.0
1523,Kyrgyzstan,KGZ,1990,22.576511,,24.096703,2017.0
1524,Kyrgyzstan,KGZ,1990,23.288092,,24.096703,2017.0
1525,Kyrgyzstan,KGZ,1990,27.721897,,24.096703,2017.0
1526,Kyrgyzstan,KGZ,1990,27.657059,,24.096703,2017.0
1527,Kyrgyzstan,KGZ,1990,28.775097,,24.096703,2017.0
1528,Kyrgyzstan,KGZ,1990,26.297926,,24.096703,2017.0
1529,Kyrgyzstan,KGZ,1990,25.339941,,24.096703,2017.0
1530,Kyrgyzstan,KGZ,1990,24.71004,,24.096703,2017.0
1531,Kyrgyzstan,KGZ,1990,24.096703,,24.096703,2017.0
1532,Kyrgyzstan,KGZ,1990,24.223862,,24.096703,2017.0
1533,Kyrgyzstan,KGZ,1990,24.07289,,24.096703,2017.0
1534,Kyrgyzstan,KGZ,1990,,Asia,24.096703,2017.0
1535,Laos,LAO,1990,26.410364,,19.260885,2017.0
1536,Laos,LAO,1990,26.044569,,19.260885,2017.0
1537,Laos,LAO,1990,25.38939,,19.260885,2017.0
1538,Laos,LAO,1990,25.868937,,19.260885,2017.0
1539,Laos,LAO,1990,26.378017,,19.260885,2017.0
1540,Laos,LAO,1990,21.758886,,19.260885,2017.0
1541,Laos,LAO,1990,22.993097,,19.260885,2017.0
1542,Laos,LAO,1990,24.669697,,19.260885,2017.0
1543,Laos,LAO,1990,21.549078,,19.260885,2017.0
1544,Laos,LAO,1990,20.781897,,19.260885,2017.0
1545,Laos,LAO,1990,23.403543,,19.260885,2017.0
1546,Laos,LAO,1990,19.260885,,19.260885,2017.0
1547,Laos,LAO,1990,20.505747,,19.260885,2017.0
1548,Laos,LAO,1990,20.547335,,19.260885,2017.0
1549,Laos,LAO,1990,,Asia,19.260885,2017.0
1579,Lebanon,LBN,1990,25.849909,,29.101778,2017.0
1580,Lebanon,LBN,1990,28.611689,,29.101778,2017.0
1581,Lebanon,LBN,1990,27.940676,,29.101778,2017.0
1582,Lebanon,LBN,1990,28.806831,,29.101778,2017.0
1583,Lebanon,LBN,1990,32.373505,,29.101778,2017.0
1584,Lebanon,LBN,1990,30.210005,,29.101778,2017.0
1585,Lebanon,LBN,1990,29.246086,,29.101778,2017.0
1586,Lebanon,LBN,1990,31.073837,,29.101778,2017.0
1587,Lebanon,LBN,1990,31.012733,,29.101778,2017.0
1588,Lebanon,LBN,1990,31.7494,,29.101778,2017.0
1589,Lebanon,LBN,1990,29.339195,,29.101778,2017.0
1590,Lebanon,LBN,1990,29.101778,,29.101778,2017.0
1591,Lebanon,LBN,1990,29.321882,,29.101778,2017.0
1592,Lebanon,LBN,1990,28.9603,,29.101778,2017.0
1593,Lebanon,LBN,1990,,Asia,29.101778,2017.0
1729,Malaysia,MYS,1990,27.955814,,16.437424,2017.0
1730,Malaysia,MYS,1990,22.788954,,16.437424,2017.0
1731,Malaysia,MYS,1990,20.582905,,16.437424,2017.0
1732,Malaysia,MYS,1990,20.102165,,16.437424,2017.0
1733,Malaysia,MYS,1990,18.241053,,16.437424,2017.0
1734,Malaysia,MYS,1990,17.315538,,16.437424,2017.0
1735,Malaysia,MYS,1990,18.181108,,16.437424,2017.0
1736,Malaysia,MYS,1990,18.527765,,16.437424,2017.0
1737,Malaysia,MYS,1990,17.2208,,16.437424,2017.0
1738,Malaysia,MYS,1990,18.123861,,16.437424,2017.0
1739,Malaysia,MYS,1990,16.75819,,16.437424,2017.0
1740,Malaysia,MYS,1990,16.437424,,16.437424,2017.0
1741,Malaysia,MYS,1990,16.460842,,16.437424,2017.0
1742,Malaysia,MYS,1990,16.590996,,16.437424,2017.0
1743,Malaysia,MYS,1990,,Asia,16.437424,2017.0
1744,Maldives,MDV,1990,20.964195,,11.164421,2017.0
1745,Maldives,MDV,1990,20.175133,,11.164421,2017.0
1746,Maldives,MDV,1990,14.103827,,11.164421,2017.0
1747,Maldives,MDV,1990,13.309599,,11.164421,2017.0
1748,Maldives,MDV,1990,13.746432,,11.164421,2017.0
1749,Maldives,MDV,1990,12.288132,,11.164421,2017.0
1750,Maldives,MDV,1990,12.823443,,11.164421,2017.0
1751,Maldives,MDV,1990,12.453553,,11.164421,2017.0
1752,Maldives,MDV,1990,11.103963,,11.164421,2017.0
1753,Maldives,MDV,1990,10.196794,,11.164421,2017.0
1754,Maldives,MDV,1990,12.108285,,11.164421,2017.0
1755,Maldives,MDV,1990,11.164421,,11.164421,2017.0
1756,Maldives,MDV,1990,10.899852,,11.164421,2017.0
1757,Maldives,MDV,1990,10.944055,,11.164421,2017.0
1758,Maldives,MDV,1990,,Asia,11.164421,2017.0
1924,Mongolia,MNG,1990,26.60909,,35.95617,2017.0
1925,Mongolia,MNG,1990,25.281143,,35.95617,2017.0
1926,Mongolia,MNG,1990,27.086899,,35.95617,2017.0
1927,Mongolia,MNG,1990,25.011179,,35.95617,2017.0
1928,Mongolia,MNG,1990,30.135517,,35.95617,2017.0
1929,Mongolia,MNG,1990,37.965668,,35.95617,2017.0
1930,Mongolia,MNG,1990,40.465904,,35.95617,2017.0
1931,Mongolia,MNG,1990,37.88969,,35.95617,2017.0
1932,Mongolia,MNG,1990,34.763504,,35.95617,2017.0
1933,Mongolia,MNG,1990,37.155495,,35.95617,2017.0
1934,Mongolia,MNG,1990,39.37772,,35.95617,2017.0
1935,Mongolia,MNG,1990,35.95617,,35.95617,2017.0
1936,Mongolia,MNG,1990,37.47249,,35.95617,2017.0
1937,Mongolia,MNG,1990,38.05757,,35.95617,2017.0
1938,Mongolia,MNG,1990,,Asia,35.95617,2017.0
1985,Myanmar,MMR,1990,35.761936,,29.103987,2017.0
1986,Myanmar,MMR,1990,35.120293,,29.103987,2017.0
1987,Myanmar,MMR,1990,33.393486,,29.103987,2017.0
1988,Myanmar,MMR,1990,36.57941,,29.103987,2017.0
1989,Myanmar,MMR,1990,37.520676,,29.103987,2017.0
1990,Myanmar,MMR,1990,31.162838,,29.103987,2017.0
1991,Myanmar,MMR,1990,34.915264,,29.103987,2017.0
1992,Myanmar,MMR,1990,36.134537,,29.103987,2017.0
1993,Myanmar,MMR,1990,32.273968,,29.103987,2017.0
1994,Myanmar,MMR,1990,31.181469,,29.103987,2017.0
1995,Myanmar,MMR,1990,32.413467,,29.103987,2017.0
1996,Myanmar,MMR,1990,29.103987,,29.103987,2017.0
1997,Myanmar,MMR,1990,29.57682,,29.103987,2017.0
1998,Myanmar,MMR,1990,29.433144,,29.103987,2017.0
1999,Myanmar,MMR,1990,,Asia,29.103987,2017.0
2030,Nepal,NPL,1990,67.84738,,80.62597,2017.0
2031,Nepal,NPL,1990,64.201706,,80.62597,2017.0
2032,Nepal,NPL,1990,67.03447,,80.62597,2017.0
2033,Nepal,NPL,1990,69.70727,,80.62597,2017.0
2034,Nepal,NPL,1990,77.14093,,80.62597,2017.0
2035,Nepal,NPL,1990,78.11293,,80.62597,2017.0
2036,Nepal,NPL,1990,86.9939,,80.62597,2017.0
2037,Nepal,NPL,1990,86.35564,,80.62597,2017.0
2038,Nepal,NPL,1990,94.815834,,80.62597,2017.0
2039,Nepal,NPL,1990,88.68735,,80.62597,2017.0
2040,Nepal,NPL,1990,91.49271,,80.62597,2017.0
2041,Nepal,NPL,1990,80.62597,,80.62597,2017.0
2042,Nepal,NPL,1990,82.688156,,80.62597,2017.0
2043,Nepal,NPL,1990,83.103195,,80.62597,2017.0
2044,Nepal,NPL,1990,,Asia,80.62597,2017.0
2138,North Korea,PRK,1990,41.029957,,42.74424,2017.0
2139,North Korea,PRK,1990,39.44319,,42.74424,2017.0
2140,North Korea,PRK,1990,40.453003,,42.74424,2017.0
2141,North Korea,PRK,1990,40.673798,,42.74424,2017.0
2142,North Korea,PRK,1990,38.71368,,42.74424,2017.0
2143,North Korea,PRK,1990,44.54534,,42.74424,2017.0
2144,North Korea,PRK,1990,45.412537,,42.74424,2017.0
2145,North Korea,PRK,1990,49.822006,,42.74424,2017.0
2146,North Korea,PRK,1990,49.153225,,42.74424,2017.0
2147,North Korea,PRK,1990,47.15603,,42.74424,2017.0
2148,North Korea,PRK,1990,42.73229,,42.74424,2017.0
2149,North Korea,PRK,1990,42.74424,,42.74424,2017.0
2150,North Korea,PRK,1990,44.307602,,42.74424,2017.0
2151,North Korea,PRK,1990,44.329575,,42.74424,2017.0
2152,North Korea,PRK,1990,,Asia,42.74424,2017.0
2198,Oman,OMN,1990,43.6424,,44.033253,2017.0
2199,Oman,OMN,1990,39.65558,,44.033253,2017.0
2200,Oman,OMN,1990,43.15937,,44.033253,2017.0
2201,Oman,OMN,1990,42.79004,,44.033253,2017.0
2202,Oman,OMN,1990,41.071754,,44.033253,2017.0
2203,Oman,OMN,1990,44.83063,,44.033253,2017.0
2204,Oman,OMN,1990,46.571056,,44.033253,2017.0
2205,Oman,OMN,1990,44.059227,,44.033253,2017.0
2206,Oman,OMN,1990,40.65538,,44.033253,2017.0
2207,Oman,OMN,1990,44.06396,,44.033253,2017.0
2208,Oman,OMN,1990,42.27135,,44.033253,2017.0
2209,Oman,OMN,1990,44.033253,,44.033253,2017.0
2210,Oman,OMN,1990,44.317944,,44.033253,2017.0
2211,Oman,OMN,1990,44.57247,,44.033253,2017.0
2212,Oman,OMN,1990,,Asia,44.033253,2017.0
2214,Pakistan,PAK,1990,60.73705,,61.75482,2017.0
2215,Pakistan,PAK,1990,53.456966,,61.75482,2017.0
2216,Pakistan,PAK,1990,57.718895,,61.75482,2017.0
2217,Pakistan,PAK,1990,55.208817,,61.75482,2017.0
2218,Pakistan,PAK,1990,59.6087,,61.75482,2017.0
2219,Pakistan,PAK,1990,59.987286,,61.75482,2017.0
2220,Pakistan,PAK,1990,65.41081,,61.75482,2017.0
2221,Pakistan,PAK,1990,66.846344,,61.75482,2017.0
2222,Pakistan,PAK,1990,70.94475,,61.75482,2017.0
2223,Pakistan,PAK,1990,66.929756,,61.75482,2017.0
2224,Pakistan,PAK,1990,68.71764,,61.75482,2017.0
2225,Pakistan,PAK,1990,61.75482,,61.75482,2017.0
2226,Pakistan,PAK,1990,62.397007,,61.75482,2017.0
2227,Pakistan,PAK,1990,62.57425,,61.75482,2017.0
2228,Pakistan,PAK,1990,,Asia,61.75482,2017.0
2245,Palestine,PSE,1990,30.043127,,32.145355,2017.0
2246,Palestine,PSE,1990,33.018223,,32.145355,2017.0
2247,Palestine,PSE,1990,31.571835,,32.145355,2017.0
2248,Palestine,PSE,1990,32.925907,,32.145355,2017.0
2249,Palestine,PSE,1990,36.061283,,32.145355,2017.0
2250,Palestine,PSE,1990,33.874485,,32.145355,2017.0
2251,Palestine,PSE,1990,32.7822,,32.145355,2017.0
2252,Palestine,PSE,1990,35.79313,,32.145355,2017.0
2253,Palestine,PSE,1990,34.50385,,32.145355,2017.0
2254,Palestine,PSE,1990,35.321648,,32.145355,2017.0
2255,Palestine,PSE,1990,31.472685,,32.145355,2017.0
2256,Palestine,PSE,1990,32.145355,,32.145355,2017.0
2257,Palestine,PSE,1990,31.891033,,32.145355,2017.0
2258,Palestine,PSE,1990,31.302546,,32.145355,2017.0
2259,Palestine,PSE,1990,,Asia,32.145355,2017.0
2320,Philippines,PHL,1990,30.443132,,18.641264,2017.0
2321,Philippines,PHL,1990,29.590994,,18.641264,2017.0
2322,Philippines,PHL,1990,28.603329,,18.641264,2017.0
2323,Philippines,PHL,1990,26.985195,,18.641264,2017.0
2324,Philippines,PHL,1990,24.093084,,18.641264,2017.0
2325,Philippines,PHL,1990,20.854435,,18.641264,2017.0
2326,Philippines,PHL,1990,21.636808,,18.641264,2017.0
2327,Philippines,PHL,1990,21.812887,,18.641264,2017.0
2328,Philippines,PHL,1990,19.697067,,18.641264,2017.0
2329,Philippines,PHL,1990,19.538073,,18.641264,2017.0
2330,Philippines,PHL,1990,20.110071,,18.641264,2017.0
2331,Philippines,PHL,1990,18.641264,,18.641264,2017.0
2332,Philippines,PHL,1990,18.736492,,18.641264,2017.0
2333,Philippines,PHL,1990,18.826132,,18.641264,2017.0
2334,Philippines,PHL,1990,,Asia,18.641264,2017.0
2381,Qatar,QAT,1990,79.3042,,78.38699,2017.0
2382,Qatar,QAT,1990,75.543434,,78.38699,2017.0
2383,Qatar,QAT,1990,77.77976,,78.38699,2017.0
2384,Qatar,QAT,1990,82.72531,,78.38699,2017.0
2385,Qatar,QAT,1990,79.06585,,78.38699,2017.0
2386,Qatar,QAT,1990,81.22257,,78.38699,2017.0
2387,Qatar,QAT,1990,85.966866,,78.38699,2017.0
2388,Qatar,QAT,1990,81.28987,,78.38699,2017.0
2389,Qatar,QAT,1990,72.7398,,78.38699,2017.0
2390,Qatar,QAT,1990,84.99823,,78.38699,2017.0
2391,Qatar,QAT,1990,76.14229,,78.38699,2017.0
2392,Qatar,QAT,1990,78.38699,,78.38699,2017.0
2393,Qatar,QAT,1990,77.113335,,78.38699,2017.0
2394,Qatar,QAT,1990,76.04929,,78.38699,2017.0
2395,Qatar,QAT,1990,,Asia,78.38699,2017.0
2537,Saudi Arabia,SAU,1990,50.829826,,63.897137,2017.0
2538,Saudi Arabia,SAU,1990,50.792072,,63.897137,2017.0
2539,Saudi Arabia,SAU,1990,57.836136,,63.897137,2017.0
2540,Saudi Arabia,SAU,1990,60.185684,,63.897137,2017.0
2541,Saudi Arabia,SAU,1990,62.922794,,63.897137,2017.0
2542,Saudi Arabia,SAU,1990,64.95237,,63.897137,2017.0
2543,Saudi Arabia,SAU,1990,67.67732,,63.897137,2017.0
2544,Saudi Arabia,SAU,1990,65.06264,,63.897137,2017.0
2545,Saudi Arabia,SAU,1990,56.510704,,63.897137,2017.0
2546,Saudi Arabia,SAU,1990,66.82088,,63.897137,2017.0
2547,Saudi Arabia,SAU,1990,59.600735,,63.897137,2017.0
2548,Saudi Arabia,SAU,1990,63.897137,,63.897137,2017.0
2549,Saudi Arabia,SAU,1990,61.900852,,63.897137,2017.0
2550,Saudi Arabia,SAU,1990,61.50824,,63.897137,2017.0
2551,Saudi Arabia,SAU,1990,,Asia,63.897137,2017.0
2613,Singapore,SGP,1990,22.144207,,18.558016,2017.0
2614,Singapore,SGP,1990,18.11365,,18.558016,2017.0
2615,Singapore,SGP,1990,18.368677,,18.558016,2017.0
2616,Singapore,SGP,1990,16.01396,,18.558016,2017.0
2617,Singapore,SGP,1990,15.076043,,18.558016,2017.0
2618,Singapore,SGP,1990,16.428144,,18.558016,2017.0
2619,Singapore,SGP,1990,17.531822,,18.558016,2017.0
2620,Singapore,SGP,1990,18.599985,,18.558016,2017.0
2621,Singapore,SGP,1990,17.732473,,18.558016,2017.0
2622,Singapore,SGP,1990,18.295012,,18.558016,2017.0
2623,Singapore,SGP,1990,17.638502,,18.558016,2017.0
2624,Singapore,SGP,1990,18.558016,,18.558016,2017.0
2625,Singapore,SGP,1990,18.493353,,18.558016,2017.0
2626,Singapore,SGP,1990,18.765882,,18.558016,2017.0
2627,Singapore,SGP,1990,,Asia,18.558016,2017.0
2719,South Korea,KOR,1990,24.951273,,26.882107,2017.0
2720,South Korea,KOR,1990,24.268818,,26.882107,2017.0
2721,South Korea,KOR,1990,24.222155,,26.882107,2017.0
2722,South Korea,KOR,1990,23.590971,,26.882107,2017.0
2723,South Korea,KOR,1990,22.854078,,26.882107,2017.0
2724,South Korea,KOR,1990,25.456814,,26.882107,2017.0
2725,South Korea,KOR,1990,25.79817,,26.882107,2017.0
2726,South Korea,KOR,1990,27.538815,,26.882107,2017.0
2727,South Korea,KOR,1990,28.181099,,26.882107,2017.0
2728,South Korea,KOR,1990,26.976574,,26.882107,2017.0
2729,South Korea,KOR,1990,27.805607,,26.882107,2017.0
2730,South Korea,KOR,1990,26.882107,,26.882107,2017.0
2731,South Korea,KOR,1990,27.436352,,26.882107,2017.0
2732,South Korea,KOR,1990,27.44034,,26.882107,2017.0
2733,South Korea,KOR,1990,,Asia,26.882107,2017.0
2764,Sri Lanka,LKA,1990,22.965834,,19.924923,2017.0
2765,Sri Lanka,LKA,1990,21.810137,,19.924923,2017.0
2766,Sri Lanka,LKA,1990,24.178926,,19.924923,2017.0
2767,Sri Lanka,LKA,1990,24.074694,,19.924923,2017.0
2768,Sri Lanka,LKA,1990,24.693802,,19.924923,2017.0
2769,Sri Lanka,LKA,1990,21.569286,,19.924923,2017.0
2770,Sri Lanka,LKA,1990,22.424149,,19.924923,2017.0
2771,Sri Lanka,LKA,1990,22.99524,,19.924923,2017.0
2772,Sri Lanka,LKA,1990,20.969007,,19.924923,2017.0
2773,Sri Lanka,LKA,1990,18.970345,,19.924923,2017.0
2774,Sri Lanka,LKA,1990,20.739632,,19.924923,2017.0
2775,Sri Lanka,LKA,1990,19.924923,,19.924923,2017.0
2776,Sri Lanka,LKA,1990,19.694462,,19.924923,2017.0
2777,Sri Lanka,LKA,1990,19.964396,,19.924923,2017.0
2778,Sri Lanka,LKA,1990,,Asia,19.924923,2017.0
2853,Syria,SYR,1990,32.603947,,31.401957,2017.0
2854,Syria,SYR,1990,33.237793,,31.401957,2017.0
2855,Syria,SYR,1990,29.912579,,31.401957,2017.0
2856,Syria,SYR,1990,31.169422,,31.401957,2017.0
2857,Syria,SYR,1990,35.545063,,31.401957,2017.0
2858,Syria,SYR,1990,32.78116,,31.401957,2017.0
2859,Syria,SYR,1990,31.680595,,31.401957,2017.0
2860,Syria,SYR,1990,33.17491,,31.401957,2017.0
2861,Syria,SYR,1990,32.654255,,31.401957,2017.0
2862,Syria,SYR,1990,33.99186,,31.401957,2017.0
2863,Syria,SYR,1990,31.868698,,31.401957,2017.0
2864,Syria,SYR,1990,31.401957,,31.401957,2017.0
2865,Syria,SYR,1990,31.370409,,31.401957,2017.0
2866,Syria,SYR,1990,30.953625,,31.401957,2017.0
2867,Syria,SYR,1990,,Asia,31.401957,2017.0
2869,Tajikistan,TJK,1990,33.563793,,38.479343,2017.0
2870,Tajikistan,TJK,1990,35.282825,,38.479343,2017.0
2871,Tajikistan,TJK,1990,40.9638,,38.479343,2017.0
2872,Tajikistan,TJK,1990,32.78808,,38.479343,2017.0
2873,Tajikistan,TJK,1990,34.511707,,38.479343,2017.0
2874,Tajikistan,TJK,1990,46.03698,,38.479343,2017.0
2875,Tajikistan,TJK,1990,41.23015,,38.479343,2017.0
2876,Tajikistan,TJK,1990,42.28232,,38.479343,2017.0
2877,Tajikistan,TJK,1990,39.634617,,38.479343,2017.0
2878,Tajikistan,TJK,1990,38.973186,,38.479343,2017.0
2879,Tajikistan,TJK,1990,38.136795,,38.479343,2017.0
2880,Tajikistan,TJK,1990,38.479343,,38.479343,2017.0
2881,Tajikistan,TJK,1990,38.140766,,38.479343,2017.0
2882,Tajikistan,TJK,1990,38.318584,,38.479343,2017.0
2883,Tajikistan,TJK,1990,,Asia,38.479343,2017.0
2899,Thailand,THA,1990,38.35867,,26.93363,2017.0
2900,Thailand,THA,1990,36.116077,,26.93363,2017.0
2901,Thailand,THA,1990,34.533325,,26.93363,2017.0
2902,Thailand,THA,1990,35.32246,,26.93363,2017.0
2903,Thailand,THA,1990,35.418537,,26.93363,2017.0
2904,Thailand,THA,1990,29.91406,,26.93363,2017.0
2905,Thailand,THA,1990,31.341543,,26.93363,2017.0
2906,Thailand,THA,1990,33.786568,,26.93363,2017.0
2907,Thailand,THA,1990,29.430288,,26.93363,2017.0
2908,Thailand,THA,1990,28.041744,,26.93363,2017.0
2909,Thailand,THA,1990,30.69239,,26.93363,2017.0
2910,Thailand,THA,1990,26.93363,,26.93363,2017.0
2911,Thailand,THA,1990,27.481659,,26.93363,2017.0
2912,Thailand,THA,1990,27.402714,,26.93363,2017.0
2913,Thailand,THA,1990,,Asia,26.93363,2017.0
2975,Turkey,TUR,1990,26.000477,,26.289251,2017.0
2976,Turkey,TUR,1990,26.070604,,26.289251,2017.0
2977,Turkey,TUR,1990,26.783766,,26.289251,2017.0
2978,Turkey,TUR,1990,25.967585,,26.289251,2017.0
2979,Turkey,TUR,1990,28.91206,,26.289251,2017.0
2980,Turkey,TUR,1990,27.607002,,26.289251,2017.0
2981,Turkey,TUR,1990,27.122381,,26.289251,2017.0
2982,Turkey,TUR,1990,27.819788,,26.289251,2017.0
2983,Turkey,TUR,1990,27.782696,,26.289251,2017.0
2984,Turkey,TUR,1990,28.611662,,26.289251,2017.0
2985,Turkey,TUR,1990,27.779022,,26.289251,2017.0
2986,Turkey,TUR,1990,26.289251,,26.289251,2017.0
2987,Turkey,TUR,1990,26.54402,,26.289251,2017.0
2988,Turkey,TUR,1990,26.031801,,26.289251,2017.0
2989,Turkey,TUR,1990,,Asia,26.289251,2017.0
2990,Turkmenistan,TKM,1990,24.696318,,27.127754,2017.0
2991,Turkmenistan,TKM,1990,27.11934,,27.127754,2017.0
2992,Turkmenistan,TKM,1990,28.731726,,27.127754,2017.0
2993,Turkmenistan,TKM,1990,21.93514,,27.127754,2017.0
2994,Turkmenistan,TKM,1990,26.098469,,27.127754,2017.0
2995,Turkmenistan,TKM,1990,32.278812,,27.127754,2017.0
2996,Turkmenistan,TKM,1990,30.772598,,27.127754,2017.0
2997,Turkmenistan,TKM,1990,30.559778,,27.127754,2017.0
2998,Turkmenistan,TKM,1990,30.619661,,27.127754,2017.0
2999,Turkmenistan,TKM,1990,28.621096,,27.127754,2017.0
3000,Turkmenistan,TKM,1990,27.512276,,27.127754,2017.0
3001,Turkmenistan,TKM,1990,27.127754,,27.127754,2017.0
3002,Turkmenistan,TKM,1990,26.546904,,27.127754,2017.0
3003,Turkmenistan,TKM,1990,26.197662,,27.127754,2017.0
3004,Turkmenistan,TKM,1990,,Asia,27.127754,2017.0
3052,United Arab Emirates,ARE,1990,43.678238,,43.82369,2017.0
3053,United Arab Emirates,ARE,1990,43.533695,,43.82369,2017.0
3054,United Arab Emirates,ARE,1990,43.648342,,43.82369,2017.0
3055,United Arab Emirates,ARE,1990,43.18399,,43.82369,2017.0
3056,United Arab Emirates,ARE,1990,43.528076,,43.82369,2017.0
3057,United Arab Emirates,ARE,1990,45.903538,,43.82369,2017.0
3058,United Arab Emirates,ARE,1990,47.64094,,43.82369,2017.0
3059,United Arab Emirates,ARE,1990,44.34651,,43.82369,2017.0
3060,United Arab Emirates,ARE,1990,41.095634,,43.82369,2017.0
3061,United Arab Emirates,ARE,1990,45.90635,,43.82369,2017.0
3062,United Arab Emirates,ARE,1990,43.22089,,43.82369,2017.0
3063,United Arab Emirates,ARE,1990,43.82369,,43.82369,2017.0
3064,United Arab Emirates,ARE,1990,43.814186,,43.82369,2017.0
3065,United Arab Emirates,ARE,1990,43.667027,,43.82369,2017.0
3066,United Arab Emirates,ARE,1990,,Asia,43.82369,2017.0
3141,Uzbekistan,UZB,1990,36.05045,,35.068714,2017.0
3142,Uzbekistan,UZB,1990,38.348896,,35.068714,2017.0
3143,Uzbekistan,UZB,1990,37.00236,,35.068714,2017.0
3144,Uzbekistan,UZB,1990,31.301706,,35.068714,2017.0
3145,Uzbekistan,UZB,1990,32.29141,,35.068714,2017.0
3146,Uzbekistan,UZB,1990,41.43852,,35.068714,2017.0
3147,Uzbekistan,UZB,1990,39.0213,,35.068714,2017.0
3148,Uzbekistan,UZB,1990,39.484592,,35.068714,2017.0
3149,Uzbekistan,UZB,1990,37.50336,,35.068714,2017.0
3150,Uzbekistan,UZB,1990,35.485867,,35.068714,2017.0
3151,Uzbekistan,UZB,1990,35.11678,,35.068714,2017.0
3152,Uzbekistan,UZB,1990,35.068714,,35.068714,2017.0
3153,Uzbekistan,UZB,1990,34.784866,,35.068714,2017.0
3154,Uzbekistan,UZB,1990,34.786095,,35.068714,2017.0
3155,Uzbekistan,UZB,1990,,Asia,35.068714,2017.0
3187,Vietnam,VNM,1990,26.673185,,20.479513,2017.0
3188,Vietnam,VNM,1990,25.866894,,20.479513,2017.0
3189,Vietnam,VNM,1990,25.666374,,20.479513,2017.0
3190,Vietnam,VNM,1990,26.458183,,20.479513,2017.0
3191,Vietnam,VNM,1990,27.10947,,20.479513,2017.0
3192,Vietnam,VNM,1990,23.784431,,20.479513,2017.0
3193,Vietnam,VNM,1990,23.626163,,20.479513,2017.0
3194,Vietnam,VNM,1990,25.237787,,20.479513,2017.0
3195,Vietnam,VNM,1990,22.340412,,20.479513,2017.0
3196,Vietnam,VNM,1990,21.823662,,20.479513,2017.0
3197,Vietnam,VNM,1990,22.54561,,20.479513,2017.0
3198,Vietnam,VNM,1990,20.479513,,20.479513,2017.0
3199,Vietnam,VNM,1990,20.53265,,20.479513,2017.0
3200,Vietnam,VNM,1990,20.389816,,20.479513,2017.0
3201,Vietnam,VNM,1990,,Asia,20.479513,2017.0
3219,Yemen,YEM,1990,47.26236,,46.442257,2017.0
3220,Yemen,YEM,1990,43.86978,,46.442257,2017.0
3221,Yemen,YEM,1990,48.622437,,46.442257,2017.0
3222,Yemen,YEM,1990,43.50003,,46.442257,2017.0
3223,Yemen,YEM,1990,44.689255,,46.442257,2017.0
3224,Yemen,YEM,1990,48.885525,,46.442257,2017.0
3225,Yemen,YEM,1990,54.411846,,46.442257,2017.0
3226,Yemen,YEM,1990,51.404728,,46.442257,2017.0
3227,Yemen,YEM,1990,43.696083,,46.442257,2017.0
3228,Yemen,YEM,1990,48.330635,,46.442257,2017.0
3229,Yemen,YEM,1990,44.950478,,46.442257,2017.0
3230,Yemen,YEM,1990,46.442257,,46.442257,2017.0
3231,Yemen,YEM,1990,45.14404,,46.442257,2017.0
3232,Yemen,YEM,1990,44.46697,,46.442257,2017.0
3233,Yemen,YEM,1990,,Asia,46.442257,2017.0
